<?xml version="1.0" encoding="utf-8"?>
<resources>
    <!-- 2 letters language code -->
    <string name="lang">en</string>
    <!-- direction of the language -->
     <string name="dir">ltr</string>
    <string name="sharing">Sharing</string>
    <string name="username">username</string>
    <string name="enter_your_user_name">Enter your username</string>
    <string name="submit">Submit</string>
    <string name="current_username">Current username:</string>
    <string name="sharing_app">Sharing App</string>
    <string name="sharing_app_purpose">Transfer and have your files travel for free</string>
    <string name="sharing_app_desc">Sharing app is a simple and free way to share your data</string>
    <string name="send">Send</string>
    <string name="receive">Receive</string>
    <string name="available_downloads">Available downloads</string>
    <string name="download">Download</string>
    <string name="download_all">Download All</string>
    <string name="no_downloads_available">No downloads available</string>
    <string name="downloads_request_error_text">Requesting downloads failed. Perhaps remote disconnected.</string>
    <string name="done">Done</string>
    <string name="update">Update</string>
    <string name="uploading_is_disabled">Uploading is disabled</string>
    <string name="uploading_is_disabled_text">You can't send files to your phone from browser unless you enable it from settings</string>
    <string name="ok">OK</string>
    <string name="no_js">No JavaScript ? Use &lt;a href="/no-JS"&gt;HTML-only page&lt;/a&gt;</string>
    <string name="blocked">Blocked</string>
    <string name="your_are_blocked">You are blocked</string>
    <string name="page_not_found">404 Page not found</string>
    <string name="are_you_trying_to_find_secret">Are you trying to find something secret?</string>
    <string name="there_is_a_secret">There is something secret in this program</string>
    <string name="messages">Messages</string>
    <string name="enter_message">Enter message</string>
    <string name="remote_disconnected">Can't connect to remote device retrying in </string>
</resources>