<?xml version="1.0" encoding="utf-8"?>
<resources>
    <string name="lang">kab</string>
    <string name="dir">ltr</string>
    <string name="sharing">Beṭṭu</string>
    <string name="submit">Azen</string>
    <string name="download">Sider</string>
    <string name="current_username">Isem amiran n useqdac:</string>
    <string name="sharing_app">Asnas n beṭṭu</string>
    <string name="available_downloads">Isadaren yellan</string>
    <string name="download_all">Sider-iten-id akk</string>
    <string name="enter_your_user_name">Sekcem isem-ik·im n useqdac</string>
    <string name="no_downloads_available">Ulac isadaren yettwafen</string>
    <string name="done">Immed</string>
    <string name="update">Leqqem</string>
    <string name="ok">Ih</string>
    <string name="username">Isem n useqdac</string>
    <string name="send">Azen</string>
    <string name="messages">Iznan</string>
</resources>